{
  "version": "1.0",
  "defaultProvider": "cdnjs",
  "libraries": [
    {
      "library": "bootstrap-icons@1.11.3",
      "destination": "wwwroot/lib/bootstrap-icons/",
      "files": [
        "font/fonts/bootstrap-icons.woff",
        "font/fonts/bootstrap-icons.woff2",
        "font/bootstrap-icons.css",
        "font/bootstrap-icons.json",
        "font/bootstrap-icons.min.css"
      ]
    },
    {
      "library": "select2@4.0.13",
      "destination": "wwwroot/lib/select2/",
      "files": [
        "js/select2.min.js",
        "css/select2.min.css"
      ]
    },
    {
      "library": "sweetalert2@11.23.0",
      "destination": "wwwroot/lib/sweetalert2/",
      "files": [
        "sweetalert2.min.js",
        "sweetalert2.min.css"
      ]
    }
  ]
}